,title,overview,original_lang,release_date,vote_avg,vote_count,popularity
0,Puss in Boots: The Last Wish,"Puss in Boots discovers that his passion for adventure has taken its toll: He has burned through eight of his nine lives, leaving him with only one life left. Puss sets out on an epic journey to find the mythical Last Wish and restore his nine lives.",en,2022-12-07,8.6,2163,8303.733
1,M3GAN,"A brilliant toy company roboticist uses artificial intelligence to develop M3GAN, a life-like doll programmed to emotionally bond with her newly orphaned niece. But when the doll's programming works too well, she becomes overprotective of her new friend with terrifying results.",en,2022-12-28,7.0,338,3751.058
2,Avatar: The Way of Water,"Set more than a decade after the events of the first film, learn the story of the Sully family (Jake, Neytiri, and their kids), the trouble that follows them, the lengths they go to keep each other safe, the battles they fight to stay alive, and the tragedies they endure.",en,2022-12-14,7.7,4405,2552.263
3,Devotion,The harrowing true story of two elite US Navy fighter pilots during the Korean War. Their heroic sacrifices would ultimately make them the Navy's most celebrated wingmen.,en,2022-11-23,6.9,67,2190.076
4,The Enforcer,"A noir thriller set in Miami, the film follows an enforcer who discovers his femme fatale boss has branched out into cyber sex trafficking, putting a young runaway he’s befriended at risk. He sacrifices everything to save the young girl from the deadly organization he’s spent his life building.",en,2022-09-22,6.7,60,2223.984
5,Violent Night,"When a team of mercenaries breaks into a wealthy family compound on Christmas Eve, taking everyone inside hostage, the team isn’t prepared for a surprise combatant: Santa Claus is on the grounds, and he’s about to show why this Nick is no saint.",en,2022-11-30,7.7,963,1585.781
6,Troll,"Deep inside the mountain of Dovre, something gigantic awakens after being trapped for a thousand years. Destroying everything in its path, the creature is fast approaching the capital of Norway. But how do you stop something you thought only existed in Norwegian folklore?",no,2022-12-01,6.7,1032,1406.265
7,Encanto at the Hollywood Bowl,"A taped performance of the Encanto Live-to-Film Concert Experience at the Hollywood Bowl. The original cast puts on a miracle of a concert as they sing the favorite songs, accompanied by a full orchestra and 50 person ensemble, and the Hollywood Bowl transforms into Casita!",en,2022-12-28,6.6,20,1261.481
8,Black Adam,"Nearly 5,000 years after he was bestowed with the almighty powers of the Egyptian gods—and imprisoned just as quickly—Black Adam is freed from his earthly tomb, ready to unleash his unique form of justice on the modern world.",en,2022-10-21,7.2,3781,1388.422
9,Glass Onion: A Knives Out Mystery,World-famous detective Benoit Blanc heads to Greece to peel back the layers of a mystery surrounding a tech billionaire and his eclectic crew of friends.,en,2022-11-23,7.1,2798,1227.266
10,Avatar,"In the 22nd century, a paraplegic Marine is dispatched to the moon Pandora on a unique mission, but becomes torn between following orders and protecting an alien civilization.",en,2009-12-15,7.6,27879,1193.532
11,Black Panther: Wakanda Forever,"Queen Ramonda, Shuri, M’Baku, Okoye and the Dora Milaje fight to protect their nation from intervening world powers in the wake of King T’Challa’s death. As the Wakandans strive to embrace their next chapter, the heroes must band together with the help of War Dog Nakia and Everett Ross and forge a new path for the kingdom of Wakanda.",en,2022-11-09,7.5,1660,1111.163
12,The Woman King,"The story of the Agojie, the all-female unit of warriors who protected the African Kingdom of Dahomey in the 1800s with skills and a fierceness unlike anything the world has ever seen, and General Nanisca as she trains the next generation of recruits and readies them for battle against an enemy determined to destroy their way of life.",en,2022-09-16,7.9,1074,1068.722
13,Roald Dahl's Matilda the Musical,"An extraordinary young girl discovers her superpower and summons the remarkable courage, against all odds, to help others change their stories, whilst also taking charge of her own destiny. Standing up for what's right, she's met with miraculous results.",en,2022-11-25,6.8,362,1048.844
14,The Last Client,Renowned psychologist Susanne (Signe Egholm Olsen) is caught in a living nightmare when her new client (Anton Hjejle) turns out to be a wanted serial killer.,da,2022-06-20,7.4,25,1057.612
15,"The Chronicles of Narnia: The Lion, the Witch and the Wardrobe","Siblings Lucy, Edmund, Susan and Peter step through a magical wardrobe and find the land of Narnia. There, they discover a charming, once peaceful kingdom that has been plunged into eternal winter by the evil White Witch, Jadis. Aided by the wise and magnificent lion, Aslan, the children lead Narnia into a spectacular, climactic battle to be free of the Witch's glacial powers forever.",en,2005-12-07,7.1,9186,1068.672
16,Savage Salvation,"Newly engaged Shelby John and Ruby Red want a fresh start after their struggles with addiction, but when Shelby discovers his beloved Ruby dead on their porch, he embarks on a vengeful killing spree of the dealers who supplied her. Armed with nothing but adrenaline and a nail gun, Shelby begins to unleash chaos on the town’s criminal underbelly, as he hunt’s down crime lord Coyote. Sheriff Church must race against the clock to put an end to Shelby's vigilante justice before the entire town descends into a bloodbath.",en,2022-12-02,5.6,36,964.786
17,High Heat,"When the local mafia shows up to burn down her restaurant, Ana, a chef with a meticulous past, defends her turf and proves her knife skills both in and out of the kitchen.",en,2022-12-16,5.1,24,887.875
18,Prey for the Devil,"In response to a global rise in demonic possessions, the Catholic Church reopens exorcism schools to train priests in the Rite of Exorcism. On this spiritual battlefield, an unlikely warrior rises: a young nun, Sister Ann. Thrust onto the spiritual frontline with fellow student Father Dante, Sister Ann finds herself in a battle for the soul of a young girl and soon realizes the Devil has her right where he wants her.",en,2022-10-23,7.2,397,858.496
19,The Big 4,A by-the-book female detective teams up with four down-on-their-luck assassins to investigate her father's murder.,id,2022-12-19,6.9,82,875.115
20,Detective Knight: Rogue,"As Los Angeles prepares for Halloween, mask-wearing armed robbers critically wound detective James Knight’s partner in a shootout following a heist. With Knight in hot pursuit, the bandits flee L.A. for New York, where the detective’s dark past collides with his present case and threatens to tear his world apart…unless redemption can claim Knight first.",en,2022-10-21,6.0,43,799.02
21,Girl at the Window,A troubled teenage girl who’s struggling to cope with the accidental death of her father suspects that the mysterious killer stalking her hometown is not only her neighbour but her mother’s new romantic interest.,en,2022-08-18,4.9,14,824.215
22,Mal de ojo,"Nala, a thirteen-year-old girl from the city, travels with her family to her grandmother's home in the countryside, to try to find a cure for her little sister's mysterious illness - But she'll soon find her granny is not exactly what she seems...",es,2022-09-22,6.8,126,748.121
23,Inspector Sun and the Curse of the Black Widow,"Shanghai, 1934. In an insect world parallel to that of humans, veteran Inspector Sun, a lone spider, leads his last mission against his archenemy the Red Locust, before embarking on a well-deserved retirement. His vacation aboard a Pan Am clipper between Shanghai and San Francisco comes to an abrupt end when millionaire Dr. Spindelthorp is found murdered. What begins as a routine case for Sun will ultimately decide the fate of humanity.",es,2022-12-28,7.0,53,928.928
24,The Pale Blue Eye,"West Point, New York, 1830. When a cadet at the burgeoning military academy is found hanged with his heart cut out, the top brass summons former New York City constable Augustus Landor to investigate. While attempting to solve this grisly mystery, the reluctant detective engages the help of one of the cadets: a strange but brilliant young fellow by the name of Edgar Allan Poe",en,2022-12-22,7.1,735,804.738
25,Terrifier 2,"After being resurrected by a sinister entity, Art the Clown returns to Miles County where he must hunt down and destroy a teenage girl and her younger brother on Halloween night.  As the body count rises, the siblings fight to stay alive while uncovering the true nature of Art's evil intent.",en,2022-10-06,7.0,912,752.694
26,My Name Is Vendetta,"After old enemies kill his family, a former mafia enforcer and his feisty daughter flee to Milan, where they hide out while plotting their revenge.",it,2022-11-30,6.7,311,730.488
27,Lesson Plan,"After a teacher dies, his best friend — a former cop — takes a job at the school where he worked to confront the gang he thinks was responsible.",pl,2022-11-23,6.3,88,714.642
28,Strange World,"A journey deep into an uncharted and treacherous land, where fantastical creatures await the legendary Clades—a family of explorers whose differences threaten to topple their latest, and by far most crucial, mission.",en,2022-11-23,6.6,676,662.906
29,A Frozen Rooster,The rooster Toto has a new enemy: a pirate who plans to turn him into a cryogenically frozen rooster.,es,2022-12-14,8.2,185,704.744
30,Nanatsu no Taizai: Ensa no Edinburgh - Part 1,"When evil forces threaten the peace of Britain, a young prince embarks on a perilous journey to rescue his loved ones and discover his true strength.",ja,2022-12-20,6.8,6,660.627
31,R.I.P.D. 2: Rise of the Damned,"When Sheriff Roy Pulsipher finds himself in the afterlife, he joins a special police force and returns to Earth to save humanity from the undead.",en,2022-11-15,6.6,332,641.877
32,The Key Game,"Laura has been with Antonio all her life and, just when she begins to wonder if that is really the life she wants, Sergio and Siena cross paths in their lives. Sergio is a former high school classmate and Siena, his millennial girlfriend who arrives to revolutionize everyone's lives. Laura, Raquel and Cris, close friends for years, convince their respective husbands to play a game that Siena proposes to them: the game of keys. The game consists of everyone putting their keys in a bowl. At random, each one chooses some keys and he must go to spend the night with the owner of the keys. This game will revolutionize the group of friends and their lives. It will make them discover who they are and what they really want.",es,2022-04-13,5.7,25,580.878
33,Guillermo del Toro's Pinocchio,"During the rise of fascism in Mussolini's Italy, a wooden boy brought magically to life struggles to live up to his father's expectations.",en,2022-11-18,8.4,1609,653.94
34,Puss in Boots,"Long before he even met Shrek, the notorious fighter, lover and outlaw Puss in Boots becomes a hero when he sets off on an adventure with the tough and street smart Kitty Softpaws and the mastermind Humpty Dumpty to save his town. This is the true story of The Cat, The Myth, The Legend... The Boots.",en,2011-10-27,6.5,2968,621.215
35,The Independent,"It's the final weeks of the most consequential presidential election in history. America is poised to elect either its first female president or its first viable independent candidate. Reporting history as it's made, an idealistic young journalist teams up with her idol, legendary journalist Nick Booker, to uncover a conspiracy that places the fate of the election, and the country, in their hands.",en,2022-11-02,7.6,53,550.35
36,The Boss Baby: Christmas Bonus,Christmas Eve takes a twisty turn when the Boss Baby accidentally swaps places with one of Santa's elves and gets stranded at the North Pole.,en,2022-12-06,6.7,173,554.621
37,Fall,"For best friends Becky and Hunter, life is all about conquering fears and pushing limits. But after they climb 2,000 feet to the top of a remote, abandoned radio tower, they find themselves stranded with no way down. Now Becky and Hunter’s expert climbing skills will be put to the ultimate test as they desperately fight to survive the elements, a lack of supplies, and vertigo-inducing heights",en,2022-08-11,7.3,2303,553.344
38,Hex,"Following a mysterious disappearance on a jump, a group of skydivers experiences paranormal occurrences that leave them fighting for their lives.",en,2022-11-01,5.8,26,597.05
39,Medieval,The story of 14th century Czech icon and warlord Jan Zizka who defeated armies of the Teutonic Order and the Holy Roman Empire.,en,2022-09-08,7.2,297,563.599
40,Sniper: The White Raven,"Mykola is an eccentric pacifist who wants to be useful to humanity. When the war begins at Donbass, Mykola’s naive world is collapsing as the militants kill his pregnant wife and burn his home to the ground. Recovered, he makes a cardinal decision and gets enlisted in a sniper company. Having met his wife’s killers, he emotionally breaks down and arranges “sniper terror” for the enemy. He’s saved from a senseless death by his instructor who himself gets mortally wounded. The death of a friend leaves a “scar” and Mykola is ready to sacrifice his life.",uk,2022-05-03,7.7,230,541.962
41,Night at the Museum: Kahmunrah Rises Again,"Nick Daley is following in his father's footsteps as night watchman at the American Museum of Natural History, so he knows what happens when the sun goes down. But when the maniacal ruler Kahmunrah escapes, it is up to Nick to save the museum once and for all.",en,2022-12-09,7.1,147,489.268
42,Top Gun: Maverick,"After more than thirty years of service as one of the Navy’s top aviators, and dodging the advancement in rank that would ground him, Pete “Maverick” Mitchell finds himself training a detachment of TOP GUN graduates for a specialized mission the likes of which no living pilot has ever seen.",en,2022-05-24,8.3,5713,463.0
43,The Minute You Wake Up Dead,"A stockbroker in a small southern town gets embroiled in an insurance scam with a next-door neighbor that leads to multiple murders when a host of other people want in on the plot. Sheriff Thurmond Fowler, the by-the-book town sheriff for over four decades, works earnestly to try and unravel the town’s mystery and winds up getting more than he bargained for.",en,2022-11-04,5.6,32,442.107
44,One Way,"On the run with a bag full of cash after a robbing his former crime boss—and a potentially fatal wound—Freddy slips onto a bus headed into the unrelenting California desert. With his life slipping through his fingers, Freddy is left with very few choices to survive.",en,2022-09-02,6.8,67,444.083
45,Avatar: The Deep Dive - A Special Edition of 20/20,An inside look at one of the most anticipated movie sequels ever with James Cameron and cast.,en,2022-12-14,6.7,10,412.5
46,Women in Fury,"The young, pretty and shy Angela Duvall is jailed for murder in some Latin American country. In the prison she gets brutally ""initiated"" by the other inmates. The nice, honest and handsome prison doctor believe she's innocent and tries to help her out.",it,1984-05-10,4.7,17,421.107
47,Smile,"After witnessing a bizarre, traumatic incident involving a patient, Dr. Rose Cotter starts experiencing frightening occurrences that she can't explain. As an overwhelming terror begins taking over her life, Rose must confront her troubling past in order to survive and escape her horrifying new reality.",en,2022-09-23,6.8,1492,416.036
48,The Menu,"A young couple travels to a remote island to eat at an exclusive restaurant where the chef has prepared a lavish menu, with some shocking surprises.",en,2022-11-18,7.3,1663,411.64
49,Monstrous,"Laura, traumatized by an abusive relationship, runs away from her former husband with her seven-year-old son Cody. But in their new, idyllic and remote sanctuary, they find they have another, bigger and more terrifying monster to deal with…",en,2022-05-13,6.2,171,407.866
50,Pinocchio,A wooden puppet embarks on a thrilling adventure to become a real boy.,en,2022-09-07,6.6,1253,407.735
51,Abandoned,"After a young couple moves into a remote farmhouse with their infant son, the woman's struggles with postpartum psychosis begin to intensify... as the house reveals secrets of its own.",en,2022-06-17,6.4,168,404.362
52,Jeepers Creepers: Reborn,"Forced to travel with her boyfriend to a horror festival, Laine begins to experience disturbing visions associated with the urban legend of The Creeper. As the festival arrives and the blood-soaked entertainment builds to a frenzy, she becomes the center of it while something unearthly has been summoned.",en,2022-09-19,5.8,593,400.193
53,Life in a Year,"A 17 year old finds out that his girlfriend is dying, so he sets out to give her an entire life, in the last year she has left.",en,2020-11-27,8.3,1240,398.829
54,Project Gemini,"After depleting Earth's resources for centuries, humankind's survival requires an exodus to outer space. An international expedition is quickly formed to find a suitable new planet, but when plans go awry, the crew is suddenly stranded without power on a strange planet, where something unimaginable lies in wait.",en,2022-01-06,5.6,211,384.726
55,Blowback,"When a master thief is sabotaged during a bank heist and left for dead, he seeks revenge on his former crew one target at a time. Now, with the cops and the mob closing in, he's in the race of his life to reclaim an untold fortune in cryptocurrency from those who double-crossed him.",en,2022-06-17,6.2,34,336.694
56,Spider-Man: No Way Home,"Peter Parker is unmasked and no longer able to separate his normal life from the high-stakes of being a super-hero. When he asks for help from Doctor Strange the stakes become even more dangerous, forcing him to discover what it truly means to be Spider-Man.",en,2021-12-15,8.0,16438,383.223
57,"Lyle, Lyle, Crocodile","When the Primm family moves to New York City, their young son Josh struggles to adapt to his new school and new friends. All of that changes when he discovers Lyle — a singing crocodile who loves baths, caviar and great music — living in the attic of his new home. But when Lyle’s existence is threatened by evil neighbor Mr. Grumps, the Primms must band together to show the world that family can come from the most unexpected places.",en,2022-10-07,7.7,286,373.296
58,Jurassic World Dominion,"Four years after the destruction of Isla Nublar, Biosyn operatives attempt to track down Maisie Lockwood, while Dr Ellie Sattler investigates a genetically engineered swarm of giant insects.",en,2022-06-01,6.9,4271,371.549
59,Disenchanted,"Disillusioned with life in the city, feeling out of place in suburbia, and frustrated that her happily ever after hasn’t been so easy to find, Giselle turns to the magic of Andalasia for help. Accidentally transforming the entire town into a real-life fairy tale and placing her family’s future happiness in jeopardy, she must race against time to reverse the spell and determine what happily ever after truly means to her and her family.",en,2022-11-18,7.1,694,368.21
60,Jurassic World Dominion,"Four years after the destruction of Isla Nublar, Biosyn operatives attempt to track down Maisie Lockwood, while Dr Ellie Sattler investigates a genetically engineered swarm of giant insects.",en,2022-06-01,6.9,4271,371.549
61,Disenchanted,"Disillusioned with life in the city, feeling out of place in suburbia, and frustrated that her happily ever after hasn’t been so easy to find, Giselle turns to the magic of Andalasia for help. Accidentally transforming the entire town into a real-life fairy tale and placing her family’s future happiness in jeopardy, she must race against time to reverse the spell and determine what happily ever after truly means to her and her family.",en,2022-11-18,7.1,694,368.21
62,Cop Secret,"When Bússi, Iceland's toughest cop, is forced to work with a new partner to solve a series of bank robberies, the pressure to close the case as soon as possible proves too much for him.",is,2022-05-23,6.2,56,340.574
63,Me contro Te: Il film - Persi nel tempo,Luì is about to receive his diploma as a scientist until Mr. S and Perfidia will try to undermine the Me against You.,it,2022-01-01,7.8,42,298.362
64,All My Friends Hate Me,"Genuine but increasingly insecure Pete is cautiously excited about reuniting with his college crew for a birthday weekend of memories, partying and earnest reconnection at a picturesque English manor. Best laid plans, dear audience.",en,2022-03-11,6.2,55,307.55
65,All Quiet on the Western Front,"Paul Baumer and his friends Albert and Muller, egged on by romantic dreams of heroism, voluntarily enlist in the German army. Full of excitement and patriotic fervour, the boys enthusiastically march into a war they believe in. But once on the Western Front, they discover the soul-destroying horror of World War I.",de,2022-10-28,7.8,1430,335.933
66,Babylon,"A tale of outsized ambition and outrageous excess, tracing the rise and fall of multiple characters in an era of unbridled decadence and depravity during Hollywood's transition from silent films and to sound films in the late 1920s.",en,2022-12-22,7.9,168,333.058
67,Thor: Love and Thunder,"After his retirement is interrupted by Gorr the God Butcher, a galactic killer who seeks the extinction of the gods, Thor Odinson enlists the help of King Valkyrie, Korg, and ex-girlfriend Jane Foster, who now wields Mjolnir as the Mighty Thor. Together they embark upon a harrowing cosmic adventure to uncover the mystery of the God Butcher’s vengeance and stop him before it’s too late.",en,2022-07-06,6.7,5234,327.547
68,No Abras La Puerta,"Fausto and Esther childhood was tormented. Fausto, trying to escape from his father. Esther, mistreated by her brother-in-law. They both begin to be involved in a supernatural situation. Over which they have no control.",es,2022-11-30,6.9,21,300.557
69,Dragon Ball Super: Super Hero,"The Red Ribbon Army, an evil organization that was once destroyed by Goku in the past, has been reformed by a group of people who have created new and mightier Androids, Gamma 1 and Gamma 2, and seek vengeance against Goku and his family.",ja,2022-06-11,8.0,2168,314.319
70,Prey,"When danger threatens her camp, the fierce and highly skilled Comanche warrior Naru sets out to protect her people. But the prey she stalks turns out to be a highly evolved alien predator with a technically advanced arsenal.",en,2022-08-02,7.8,5035,321.282
71,Sonic the Hedgehog 2,"After settling in Green Hills, Sonic is eager to prove he has what it takes to be a true hero. His test comes when Dr. Robotnik returns, this time with a new partner, Knuckles, in search for an emerald that has the power to destroy civilizations. Sonic teams up with his own sidekick, Tails, and together they embark on a globe-trotting journey to find the emerald before it falls into the wrong hands.",en,2022-04-08,7.6,3594,323.208
72,L'oubliée d'Amboise,"A violinist is found dead not far from the tomb of DaVinci, in a suspicious position. Captain of the Orléans research section, Alban Dutertre teams up with Officer Bérénice Amarillo. Alban and Bérénice will have to solve the puzzle.",fr,2022-04-03,6.4,15,302.936
73,Demon Slayer -Kimetsu no Yaiba- The Movie: Mugen Train,"Tanjirō Kamado, joined with Inosuke Hashibira, a boy raised by boars who wears a boar's head, and Zenitsu Agatsuma, a scared boy who reveals his true power when he sleeps, boards the Infinity Train on a new mission with the Fire Hashira, Kyōjurō Rengoku, to defeat a demon who has been tormenting the people and killing the demon slayers who oppose it!",ja,2020-10-16,8.3,2897,292.455
74,Blade of the 47 Ronin,"In this sequel to ""47 Ronin,"" a new class of warriors emerges among the Samurai clans to keep a sought-after sword from falling into the wrong hands.",en,2022-10-25,6.7,112,284.834
75,Jujutsu Kaisen 0,"Yuta Okkotsu is a nervous high school student who is suffering from a serious problem—his childhood friend Rika has turned into a curse and won't leave him alone. Since Rika is no ordinary curse, his plight is noticed by Satoru Gojo, a teacher at Jujutsu High, a school where fledgling exorcists learn how to combat curses. Gojo convinces Yuta to enroll, but can he learn enough in time to confront the curse that haunts him?",ja,2021-12-24,8.3,762,307.969
76,Maneater,A group of friends on vacation in a seeming island paradise are stalked by an unrelenting great white after an accident leaves them stranded and left for dead.,en,2022-08-26,4.8,28,279.65
77,Bullet Train,"Unlucky assassin Ladybug is determined to do his job peacefully after one too many gigs gone off the rails. Fate, however, may have other plans, as Ladybug's latest mission puts him on a collision course with lethal adversaries from around the globe—all with connected, yet conflicting, objectives—on the world's fastest train.",en,2022-07-03,7.5,3143,304.948
78,Avatar: Creating the World of Pandora,The Making-of James Cameron's Avatar. It shows interesting parts of the work on the set.,en,2010-02-07,7.3,38,297.671
79,Beauty Salon: Special Services 4,"Focusing on the relationship between men and women in a beauty salon, Dae-hye, the director of a korean erotic film beauty salon, becomes more difficult to sell in a depression. The building owner’s rent pressure also comes in, and employee Juhee suggests to Dae-hye to do a bikini service, saying that a bikini beauty salon has hit the jackpot in a foreign country. Surprisingly, bikini service is on the jackpot and guests are increasingly looking for a more powerful service.",ko,2022-12-01,5.1,7,289.481
80,Demon Slayer -Kimetsu no Yaiba- The Movie: Mugen Train,"Tanjirō Kamado, joined with Inosuke Hashibira, a boy raised by boars who wears a boar's head, and Zenitsu Agatsuma, a scared boy who reveals his true power when he sleeps, boards the Infinity Train on a new mission with the Fire Hashira, Kyōjurō Rengoku, to defeat a demon who has been tormenting the people and killing the demon slayers who oppose it!",ja,2020-10-16,8.3,2897,292.455
81,Encanto,"The tale of an extraordinary family, the Madrigals, who live hidden in the mountains of Colombia, in a magical house, in a vibrant town, in a wondrous, charmed place called an Encanto. The magic of the Encanto has blessed every child in the family—every child except one, Mirabel. But when she discovers that the magic surrounding the Encanto is in danger, Mirabel decides that she, the only ordinary Madrigal, might just be her exceptional family's last hope.",en,2021-10-13,7.7,7836,292.064
82,Beauty Salon: Special Services 4,"Focusing on the relationship between men and women in a beauty salon, Dae-hye, the director of a korean erotic film beauty salon, becomes more difficult to sell in a depression. The building owner’s rent pressure also comes in, and employee Juhee suggests to Dae-hye to do a bikini service, saying that a bikini beauty salon has hit the jackpot in a foreign country. Surprisingly, bikini service is on the jackpot and guests are increasingly looking for a more powerful service.",ko,2022-12-01,5.1,7,289.481
83,Tom and Jerry Snowman's Land,"It’s time to chase that holiday spirit with Tom and Jerry! With magic in the air, Jerry and his nephew, Tuffy, make a snow mouse that miraculously comes to life! To keep their new friend, Larry the snow mouse from melting, Tuffy and Jerry must race him to the fabled Snowman’s Village. In hot pursuit, Tom and devious Dr. Doublevay have their own plans for Larry’s magic.",en,2022-09-06,7.4,22,259.969
84,Alien Sniperess,A female sniper on military leave promises to fulfill her fiancé’s dying wish until she encounters a hostile alien invasion and is tasked with saving countless lives.,en,2022-04-08,3.9,13,279.624
85,The Batman,"In his second year of fighting crime, Batman uncovers corruption in Gotham City that connects to his own family while facing a serial killer known as the Riddler.",en,2022-03-02,7.7,7271,284.978
86,Blade of the 47 Ronin,"In this sequel to ""47 Ronin,"" a new class of warriors emerges among the Samurai clans to keep a sought-after sword from falling into the wrong hands.",en,2022-10-25,6.7,112,284.834
87,Exploits of a Young Don Juan,"Roger is a 16-year-old who seeks to lose his virginity in this erotic drama. His initial efforts are unsuccessful, but World War I breaks out and men are seen marching off to battle. Roger goes overboard when he is presented with several amorous opportunities.",fr,1986-11-04,5.6,118,284.043
88,Doctor Strange in the Multiverse of Madness,"Doctor Strange, with the help of mystical allies both old and new, traverses the mind-bending and dangerous alternate realities of the Multiverse to confront a mysterious new adversary.",en,2022-05-04,7.4,6773,280.905
89,Japanese Woman is Cheap in the Next Room,"Jae-kyung is embarrassed and runs away after seeing someone talking to herself at a bar. Did she live in her next room? Yuya and Jae-kyung, who are free from misunderstanding, are rapidly approaching. Soon, they will develop into a relationship with each other. However, the new relationship at the boarding house causes all relationships to break. To make matters worse, Jae-kyung misunderstood Yuya's appearance to share her concerns with Ken. Can their relationship be restored?",ko,2020-07-09,5.0,3,279.524
90,Sing 2,"Buster and his new cast now have their sights set on debuting a new show at the Crystal Tower Theater in glamorous Redshore City. But with no connections, he and his singers must sneak into the Crystal Entertainment offices, run by the ruthless wolf mogul Jimmy Crystal, where the gang pitches the ridiculous idea of casting the lion rock legend Clay Calloway in their show. Buster must embark on a quest to find the now-isolated Clay and persuade him to return to the stage.",en,2021-12-01,8.0,3422,275.926
91,Diary of a Wimpy Kid: Rodrick Rules,"A new school year, his brother Rodrick teases him over and over and over and over again. Will Greg manage to get along with him? Or will a secret ruin everything?",en,2022-12-02,6.8,73,291.91
92,Emily the Criminal,"Desperate for income, Emily takes a shady gig buying goods with stolen credit cards supplied by a charismatic middleman named Youcef. Seduced by the quick cash and illicit thrills, they hatch a plan to take their business to the next level.",en,2022-08-12,6.9,376,241.884
93,A Man Called Otto,"Otto is a grump who's given up on life following the loss of his wife and wants to end it all. When a young family moves in nearby, he meets his match in quick-witted Marisol, leading to a friendship that will turn his world around.",en,2022-12-30,7.4,60,278.61
94,Luck,"Suddenly finding herself in the never-before-seen Land of Luck, the unluckiest person in the world must unite with the magical creatures there to turn her luck around.",en,2022-08-05,7.9,1098,264.24
95,Más respeto que soy tu madre,"Mirta is doing her best to navigate the social and economic crisis pummeling Argentina on the eve of the 21st century, after all, she's got an unemployed husband, three stressed-out kids, and a drug addict father-in-law to look after. As the crisis promises to boot the family from the middle class, Mirta decides to open a pizzeria that will serve slices with lots of laughs and extra drama.",es,2022-09-08,7.1,24,228.893
96,Megan,A hiker finds shelter in a mountain lodge inhabited by two strange women.,en,2020-03-14,5.8,5,193.657
97,In the Forest,"Helen and her daughter Emily reluctantly accompany Helen’s father Stan on a family camping trip, driving deep into the forest for a real outdoors experience, only to have angry landowner Howard arrive and force them to leave. When their RV gets stuck, Helen decides to seek help but discovers a disturbing secret on the man’s property. She must then fight to protect her family and make it out of the forest alive before being hunted down.",en,2022-01-28,6.1,16,223.758
98,The Lair,"Royal Air Force pilot Lt. Kate Sinclair is on her final flight mission when her jet is shot down over one of the most dangerous rebel strongholds in Afghanistan. She finds refuge in an abandoned underground bunker where deadly man-made creatures known as Ravagers — half-human, half-alien, and hungry for human flesh — are awakened.",en,2022-10-28,5.7,61,257.837
99,Emancipation,"Inspired by the gripping true story of a man who would do anything for his family—and for freedom. When Peter, an enslaved man, risks his life to escape and return to his family, he embarks on a perilous journey of love and endurance.",en,2022-12-02,8.1,701,257.532
100,The Guardians of the Galaxy Holiday Special,"On a mission to make Christmas unforgettable for Quill, the Guardians head to Earth in search of the perfect present.",en,2022-11-25,7.4,1060,244.969
101,On the Line,A provocative and edgy radio host must play a dangerous game of cat and mouse with a mysterious caller who's kidnapped his family and is threatening to blow up the whole station.,en,2022-10-31,6.3,235,252.581
102,Turning Red,"Thirteen-year-old Mei is experiencing the awkwardness of being a teenager with a twist – when she gets too excited, she transforms into a giant red panda.",en,2022-03-10,7.5,3789,251.388
103,Fullmetal Alchemist: The Final Alchemy,"The Elric brothers’ long and winding journey comes to a close in this epic finale, where they must face off against an unworldly, nationwide threat.",ja,2022-06-24,6.4,130,252.291
104,Paradise City,Renegade bounty hunter Ryan Swan must carve his way through the Hawaiian crime world to wreak vengeance on the kingpin who murdered his father.,en,2022-11-11,5.5,55,236.639
105,Lost Bullet 2,"Having cleared his name, genius mechanic Lino has only one goal in mind: getting revenge on the corrupt cops who killed his brother and his mentor.",fr,2022-11-10,6.6,221,224.65
106,Scrooge: A Christmas Carol,"On a cold Christmas Eve, selfish miser Ebenezer Scrooge has one night left to face his past — and change the future — before time runs out.",en,2022-11-18,6.7,242,236.473
107,Interstellar,The adventures of a group of explorers who make use of a newly discovered wormhole to surpass the limitations on human space travel and conquer the vast distances involved in an interstellar voyage.,en,2014-11-05,8.4,30312,239.875
108,Orgasm Inc: The Story of OneTaste,"A sexual wellness company gains fame and followers, then members come forward with shocking allegations.",en,2022-11-05,6.5,41,214.195
109,"Tad, the Lost Explorer and the Emerald Tablet","Tad accidentally unleashes an ancient spell, endangering the lives of his friends Mummy, Jeff, and Belzoni. With everyone against him and only helped by Sara, he sets off on an adventure to end the Curse of the Mummy.",es,2022-08-24,7.8,190,223.114
110,Dangerous Game: The Legacy Murders,A family reunion at a remote mansion takes a lethal turn when they are trapped inside and forced to play a deadly survival game where only one will make it out alive.,en,2022-10-21,7.6,38,227.746
111,The Whale,A reclusive English teacher suffering from severe obesity attempts to reconnect with his estranged teenage daughter for one last chance at redemption.,en,2022-12-09,7.2,35,201.121
112,Piggy,A bullied overweight teenager sees a glimpse of hope when her tormentors are brutally abducted by a mesmerizing stranger.,es,2022-10-07,6.7,257,216.22
113,Hellraiser,"A young woman struggling with addiction comes into possession of an ancient puzzle box, unaware that its purpose is to summon the Cenobites, a group of sadistic supernatural beings from another dimension.",en,2022-09-28,6.5,414,230.164
114,The Soccer Football Movie,"When mysterious green slime monsters start popping out of soccer balls, all-star athletes Zlatan Ibrahimović and Megan Rapinoe must team up with their four biggest fans to stop evil scientist ""Weird Al"" Yankovic from stealing their talent.",en,2022-11-09,6.2,76,206.37
115,MexZombies,"A group of teenagers must face a zombie apocalypse, and help reestablish order.",es,2022-10-26,7.1,121,212.124
116,20th Century Girl,"Yeon-du asks her best friend Bora to collect all the information she can about Baek Hyun-jin while she is away in the U.S. for heart surgery. Bora decides to get close to Baek's best friend, Pung Woon-ho first. However, Bora's clumsy plan unfolds in an unexpected direction. In 1999, a year before the new century, Bora, who turns seventeen, falls into the fever of first love.",ko,2022-10-06,8.4,376,216.591
117,The Infernal Machine,"Reclusive and controversial author Bruce Cogburn is drawn out of hiding by an obsessive fan, forcing the novelist to confront a past that he thought he could escape, and to account for events set in motion by his bestseller decades earlier. Cogburn's search for who is behind the manipulation and mental torment he encounters leads to an emotional roller-coaster ride full of fear and danger, where things are not always as clear as they seem to be, and where past deeds can have dire consequences.",en,2022-09-23,6.7,156,205.357
118,Shrek,"It ain't easy bein' green -- especially if you're a likable (albeit smelly) ogre named Shrek. On a mission to retrieve a gorgeous princess from the clutches of a fire-breathing dragon, Shrek teams up with an unlikely compatriot -- a wisecracking donkey.",en,2001-05-18,7.7,14758,221.815
119,Enola Holmes 2,"Now a detective-for-hire like her infamous brother, Enola Holmes takes on her first official case to find a missing girl, as the sparks of a dangerous conspiracy ignite a mystery that requires the help of friends — and Sherlock himself — to unravel.",en,2022-11-04,7.7,1659,225.857
120,20th Century Girl,"Yeon-du asks her best friend Bora to collect all the information she can about Baek Hyun-jin while she is away in the U.S. for heart surgery. Bora decides to get close to Baek's best friend, Pung Woon-ho first. However, Bora's clumsy plan unfolds in an unexpected direction. In 1999, a year before the new century, Bora, who turns seventeen, falls into the fever of first love.",ko,2022-10-06,8.4,376,216.591
121,DC League of Super-Pets,"When Superman and the rest of the Justice League are kidnapped, Krypto the Super-Dog must convince a rag-tag shelter pack - Ace the hound, PB the potbellied pig, Merton the turtle and Chip the squirrel - to master their own newfound powers and help him rescue the superheroes.",en,2022-07-27,7.4,1072,216.506
122,Piggy,A bullied overweight teenager sees a glimpse of hope when her tormentors are brutally abducted by a mesmerizing stranger.,es,2022-10-07,6.7,257,216.22
123,Uncharted,"A young street-smart, Nathan Drake and his wisecracking partner Victor “Sully” Sullivan embark on a dangerous pursuit of “the greatest treasure never found” while also tracking clues that may lead to Nathan’s long-lost brother.",en,2022-02-10,7.1,4244,216.082
124,Corrective Measures,"Set in San Tiburon, the world's most dangerous maximum-security penitentiary and home to the world's most treacherous superpowered criminals, where tensions among the inmates and staff heighten, leading to anarchy that engulfs the prison and order is turned upside down.",en,2022-04-29,5.1,41,197.697
125,Samaritan,"Thirteen year old Sam Cleary  suspects that his mysteriously reclusive neighbor Mr. Smith is actually the legendary vigilante Samaritan, who was reported dead 20 years ago. With crime on the rise and the city on the brink of chaos, Sam makes it his mission to coax his neighbor out of hiding to save the city from ruin.",en,2022-08-25,6.8,1514,212.223
126,MexZombies,"A group of teenagers must face a zombie apocalypse, and help reestablish order.",es,2022-10-26,7.1,121,212.124
127,Puss in Boots: The Three Diablos,"Puss in Boots is on a mission to recover the Princess' stolen ruby from the notorious French thief, Whisperer. Reluctantly accompanied by three little kittens, Three Diablos, Puss must tame them before they endanger the mission.",en,2012-02-07,6.6,378,211.907
128,The Invitation,"After the death of her mother, Evie is approached by an unknown cousin who invites her to a lavish wedding in the English countryside. Soon, she realizes a gothic conspiracy is afoot and must fight for survival as she uncovers twisted secrets in her family’s history.",en,2022-08-24,6.4,425,204.596
129,Secret Headquarters,"While hanging out after school, Charlie and his friends discover the headquarters of the world’s most powerful superhero hidden beneath his home. When villains attack, they must team up to defend the headquarters and save the world.",en,2022-08-12,6.8,205,207.032
130,Slumberland,"A young girl discovers a secret map to the dreamworld of Slumberland, and with the help of an eccentric outlaw, she traverses dreams and flees nightmares, with the hope that she will be able to see her late father again.",en,2022-11-18,7.6,538,206.997
131,Hotel Transylvania: Transformania,"When Van Helsing's mysterious invention, the ""Monsterfication Ray,"" goes haywire, Drac and his monster pals are all transformed into humans, and Johnny becomes a monster. In their new mismatched bodies, Drac and Johnny must team up and race across the globe to find a cure before it's too late, and before they drive each other crazy.",en,2022-02-25,7.1,1372,206.396
132,The Lucky One,A Marine travels to Louisiana after serving three tours in Iraq and searches for the unknown woman he believes was his good luck charm during the war.,en,2012-04-19,7.1,3267,206.106
133,The Hip Hop Nutcracker,Features Rev Run as he brings audiences on a hip-hop reimagining of The Nutcracker ballet set in NYC.,en,2022-11-25,6.0,12,195.835
134,Avatar: Scene Deconstruction,The deconstruction of the Avatar scenes and sets,en,2009-12-18,7.7,13,203.219
135,The Whale,A reclusive English teacher suffering from severe obesity attempts to reconnect with his estranged teenage daughter for one last chance at redemption.,en,2022-12-09,7.2,35,201.121
136,Six Swedish Girls in a Boarding School,"Miss Klein runs a boarding-school. The girls that go there are really ""free spirited."" They chloroform a peeping Tom, lock two plumbers in the dormitories, strip for a gamekeeper and tease their gym teacher. In class, their biology teacher gets carried away while giving a demonstration of sex positions with the gym teacher. In the meantime, one of the girls makes some exciting alterations to their bicycles to make their rides more enjoyable.",de,1979-09-28,5.2,19,201.085
137,After Ever Happy,"As a shocking truth about a couple's families emerges, the two lovers discover they are not so different from each other. Tessa is no longer the sweet, simple, good girl she was when she met Hardin — any more than he is the cruel, moody boy she fell so hard for.",en,2022-08-24,6.9,748,200.345
138,Athena,"Hours after the tragic death of their youngest brother in unexplained circumstances, three siblings have their lives thrown into chaos.",fr,2022-09-09,6.6,464,200.288
139,Legend of the Galactic Heroes: Die Neue These - Intrigue 1,,ja,2022-09-30,5.2,11,190.239
140,The Quintessential Quintuplets Movie,"When five lovely young girls who hate studying hire part-time tutor Futaro, he guides not only their education but also their hearts. Time spent has brought them all closer, with feelings growing within the girls and Futaro. As they finish their third year of high school and their last school festival approaches, they set their sights on what’s next. Is there a future with one of them and Futaro?",ja,2022-05-20,8.7,163,186.324
141,Beauty Salon: Special Service,"A legendary beauty salon that is sure to become a regular once you go!”Sir, would you like to have a very hot service?”In order to overcome the financial difficulties of the beauty parlor,It begins to attract the male guests with the special technique that makes it from head to toe.Kurt, Firm, and ‘it’ to open the hair salon is good!",ko,2016-12-29,5.9,10,195.068
142,Halfaouine: Boy of the Terraces,"Twelve-year-old Noura dangles uncertainly in that difficult netherworld between childhood and adulthood. His growing libido has gotten him banned from the women's baths, where his mother took him when he was younger, but he's not yet old enough to participate in grown-up discussions with the men of his Tunisian village. Noura's only real friend is a troublemaker named Salih -- the village political outcast.",ar,1990-09-14,6.8,30,194.896
143,Shrek 2,"Shrek, Fiona and Donkey set off to Far, Far Away to meet Fiona's mother and father. But not everyone is happy. Shrek and the King find it hard to get along, and there's tension in the marriage. The fairy godmother discovers that Shrek has married Fiona instead of her Son Prince Charming and sets about destroying their marriage.",en,2004-05-19,7.2,10579,194.879
144,Secret Headquarters,"While hanging out after school, Charlie and his friends discover the headquarters of the world’s most powerful superhero hidden beneath his home. When villains attack, they must team up to defend the headquarters and save the world.",en,2022-08-12,6.8,205,207.032
145,X,"In 1979, a group of young filmmakers set out to make an adult film in rural Texas, but when their reclusive, elderly hosts catch them in the act, the cast find themselves fighting for their lives. Hilarity ensues.",en,2022-03-18,6.8,1577,191.723
146,The School for Good and Evil,Best friends Sophie and Agatha navigate an enchanted school for young heroes and villains — and find themselves on opposing sides of the battle between good and evil.,en,2022-10-19,7.2,817,183.063
147,The Lost City,"Reclusive author Loretta Sage writes about exotic places in her popular adventure novels that feature a handsome cover model named Alan. While on tour promoting her new book with Alan, Loretta gets kidnapped by an eccentric billionaire who hopes she can lead him to the ancient city's lost treasure that featured in her latest story. Alan, determined to prove he can be a hero in real life and not just on the pages of her books, sets off to rescue her.",en,2022-03-24,6.7,2491,188.37
148,The Kings of the World,"Rá, Culebro, Sere, Winny and Nano. Five boys who live on the streets of Medellín. Five kings with no kingdom, no law, no family, set out on a journey in search of the promised land. A subversive tale told through a wild and endearing clan, somewhere between reality and delirium. A journey to nowhere, where everything happens.",es,2022-10-13,7.0,12,138.928
149,The Friendship Game,A group of teens in a small town come across a strange object that tests their loyalties to each other with increasingly destructive consequences the deeper into the game they go.,en,2022-11-11,5.6,25,181.608
150,To Kill the Beast,"Emilia arrives at her Aunt Inés' hostel located on the Argentina-Brazil border, looking for her missing brother. In this lush jungle a dangerous beast which takes the form of different animals seems to be roaming around.",es,2022-04-28,5.1,70,163.673
151,Harry Potter and the Chamber of Secrets,"Cars fly, trees fight back, and a mysterious house-elf comes to warn Harry Potter at the start of his second year at Hogwarts. Adventure and danger await when bloody writing on a wall announces: The Chamber Of Secrets Has Been Opened. To save Hogwarts will require all of Harry, Ron and Hermione’s magical abilities and courage.",en,2002-11-13,7.7,19239,185.932
152,Frank and Penelope,A tale of love and violence when a man on his emotional last legs finds a savior seductively dancing in a run-down strip club. And a life most certainly headed off a cliff suddenly becomes redirected - as everything is now worth dying for.,en,2022-06-03,7.7,65,176.664
153,Whisper,A young Nurse is assigned to look after a patient in a remote location in the English countryside. As the night continues she finds herself terrorized by an unseen force that is connected with her patient.,en,2022-01-23,6.4,50,168.782
154,Hocus Pocus 2,"29 years since the Black Flame Candle was last lit, the 17th-century Sanderson sisters are resurrected, and they are looking for revenge. Now it's up to three high school students to stop the ravenous witches from wreaking a new kind of havoc on Salem before dawn on All Hallow's Eve.",en,2022-09-27,7.5,1278,183.119
155,The Black Phone,"Finney Blake, a shy but clever 13-year-old boy, is abducted by a sadistic killer and trapped in a soundproof basement where screaming is of little use. When a disconnected phone on the wall begins to ring, Finney discovers that he can hear the voices of the killer’s previous victims. And they are dead set on making sure that what happened to them doesn’t happen to Finney.",en,2022-06-22,7.8,3414,167.75
156,Margaux,"As a group of seniors celebrate their final college days at a smart house, the house's highly advanced AI system, Margaux, begins to take on a deadly presence of her own. A carefree weekend of partying turns into a dystopian nightmare as they realize Margaux's plans to eliminate her tenants one way or another. Time begins to run out as the group desperately tries to survive and outsmart the smart home.",en,2022-09-09,6.8,65,175.456
157,The Ledge,"A rock climbing adventure between two friends turns into a terrifying nightmare. After Kelly captures the murder of her best friend on camera, she becomes the next target of a tight knit group of friends who will stop at nothing to destroy the evidence and anyone in their way.",en,2022-02-18,6.1,148,166.739
158,Puss in Book: Trapped in an Epic Tale,"After tumbling into a magic storybook, Puss in Boots must fight, dance and romance his way through wild adventures as he searches for an escape.",en,2017-06-16,6.6,189,179.473
159,Fantastic Beasts: The Secrets of Dumbledore,"Professor Albus Dumbledore knows the powerful, dark wizard Gellert Grindelwald is moving to seize control of the wizarding world. Unable to stop him alone, he entrusts magizoologist Newt Scamander to lead an intrepid team of wizards and witches. They soon encounter an array of old and new beasts as they clash with Grindelwald's growing legion of followers.",en,2022-04-06,6.8,3232,177.548
160,The Battle at Lake Changjin: Water Gate Bridge,"In the follow-up to ""The Battle At Lake Changjin"", brothers Wu Qianli and Wu Wanli undertake a new task for the People's Volunteer Army, defending a bridge part of the American troops' escape route from the advancing Chinese.",zh,2022-02-01,7.0,32,171.395
161,Everything Everywhere All at Once,"An aging Chinese immigrant is swept up in an insane adventure, where she alone can save what's important to her by connecting with the lives she could have led in other universes.",en,2022-03-24,8.1,2756,170.19
162,The Northman,"Prince Amleth is on the verge of becoming a man when his father is brutally murdered by his uncle, who kidnaps the boy's mother. Two decades later, Amleth is now a Viking who's on a mission to save his mother, kill his uncle and avenge his father.",en,2022-04-07,7.1,3025,169.495
163,Adultery Alumni Association 2,"Hye Jin, Hee Kyung, and Han Hee who are among the high school alumni. They met at the alumni meeting and heard that the male alumni who did not have a chance to study during their school days were greatly successful as an investment company. And after seeing the settlement a few days later, I am happy to share my memories, but in fact, their purpose (?) Is separate. They are difficult to afford, and they want to get help from Zhengzhou. Since then, Zhengzhou has been enjoying the love of female alumni.",ko,2019-02-18,4.5,2,169.031
164,Whisper,A young Nurse is assigned to look after a patient in a remote location in the English countryside. As the night continues she finds herself terrorized by an unseen force that is connected with her patient.,en,2022-01-23,6.4,50,168.782
165,Watcher,"As a serial killer stalks the city, Julia — a young actress who just moved to town with her husband — notices a mysterious stranger watching her from across the street.",en,2022-06-03,6.6,446,168.053
166,The Black Phone,"Finney Blake, a shy but clever 13-year-old boy, is abducted by a sadistic killer and trapped in a soundproof basement where screaming is of little use. When a disconnected phone on the wall begins to ring, Finney discovers that he can hear the voices of the killer’s previous victims. And they are dead set on making sure that what happened to them doesn’t happen to Finney.",en,2022-06-22,7.8,3414,167.75
167,Wife's Mom 2,"On his way to work, Sang-hyun accidentally meets his childhood friend Hyun-joo. They meet again soon, fall in love, and a few days later go to say hello to Hyun-joo's house. Hyun-joo's mother Hye-jin, whom Sang-hyun met there, was very young and beautiful. Sanghyun gradually falls into Hyejin's strong charm...",ko,2019-01-14,4.3,3,167.703
168,The Ledge,"A rock climbing adventure between two friends turns into a terrifying nightmare. After Kelly captures the murder of her best friend on camera, she becomes the next target of a tight knit group of friends who will stop at nothing to destroy the evidence and anyone in their way.",en,2022-02-18,6.1,148,166.739
169,Lightyear,Legendary Space Ranger Buzz Lightyear embarks on an intergalactic adventure alongside a group of ambitious recruits and his robot companion Sox.,en,2022-06-15,7.2,2559,165.391
170,My Hero Academia: World Heroes' Mission,"A mysterious group called Humarize strongly believes in the Quirk Singularity Doomsday theory which states that when quirks get mixed further in with future generations, that power will bring forth the end of humanity. In order to save everyone, the Pro-Heroes around the world ask UA Academy heroes-in-training to assist them and form a world-class selected hero team. It’s up to the heroes to save the world and the future of heroes in what is the most dangerous crisis to take place yet in My Hero Academia.",ja,2021-08-06,7.6,353,164.978
171,To Kill the Beast,"Emilia arrives at her Aunt Inés' hostel located on the Argentina-Brazil border, looking for her missing brother. In this lush jungle a dangerous beast which takes the form of different animals seems to be roaming around.",es,2022-04-28,5.1,70,163.673
172,Terrifier,"After witnessing a brutal murder on Halloween night, a young woman becomes the next target of a maniacal entity.",en,2011-08-09,6.5,71,163.46
173,The Forbidden Legend: Sex & Chopsticks 2,"Rich and powerful Simon Qing has been schooled in the ways of sex by his virile father, but is still a virgin. That is, until he meets his first love Violetta who has fun with him all over his father’s estate. Their love does not last, so Simon embarks on a journey. Along the way he meets the comely nun Moon whom Simon deflowers and then marries. He then becomes enamored of Golden Lotus but she is married to dwarf Wu Da-Lang.",cn,2009-03-04,5.3,22,163.345
174,Overdose,"Captain Sara Bellaiche, from Toulouse Judiciary Police branch, is investigating a go-fast linked to the murder of two teenagers, an investigation led by Richard Cross, from the Paris Criminal Brigade. Forced to collaborate in order to find the murderer and stop the bloody go-fast, Sara and Richard are both thrown in a breathless race against the clock on the roads of Spain and France.",fr,2022-11-04,6.5,122,162.144
175,Summit Fever,"A daring dream to scale the world's most challenging trio of mountains soon turns into a terrifying nightmare for a group of friends when a deadly storm traps the climbers near the summit and cuts off all hope of rescue. With the odds stacked against them, the friends are forced to trust each other to save themselves by any means necessary.",en,2022-10-13,5.9,18,148.012
176,Harry Potter and the Philosopher's Stone,"Harry Potter has lived under the stairs at his aunt and uncle's house his whole life. But on his 11th birthday, he learns he's a powerful wizard—with a place waiting for him at the Hogwarts School of Witchcraft and Wizardry. As he learns to harness his newfound powers with the help of the school's kindly headmaster, Harry uncovers the truth about his parents' deaths—and about the villain who's to blame.",en,2001-11-16,7.9,23909,158.747
177,Shang-Chi and the Legend of the Ten Rings,Shang-Chi must confront the past he thought he left behind when he is drawn into the web of the mysterious Ten Rings organization.,en,2021-09-01,7.6,7642,158.646
178,Harry Potter and the Half-Blood Prince,"As Lord Voldemort tightens his grip on both the Muggle and wizarding worlds, Hogwarts is no longer a safe haven. Harry suspects perils may even lie within the castle, but Dumbledore is more intent upon preparing him for the final battle fast approaching. Together they work to find the key to unlock Voldemorts defenses and to this end, Dumbledore recruits his old friend and colleague Horace Slughorn, whom he believes holds crucial information. Even as the decisive showdown looms, romance blossoms for Harry, Ron, Hermione and their classmates. Love is in the air, but danger lies ahead and Hogwarts may never be the same again.",en,2009-07-07,7.7,17048,158.072
179,RRR,A fictional history of two legendary revolutionaries' journey away from home before they began fighting for their country in the 1920s.,te,2022-06-01,7.7,595,157.053
180,Harry Potter and the Half-Blood Prince,"As Lord Voldemort tightens his grip on both the Muggle and wizarding worlds, Hogwarts is no longer a safe haven. Harry suspects perils may even lie within the castle, but Dumbledore is more intent upon preparing him for the final battle fast approaching. Together they work to find the key to unlock Voldemorts defenses and to this end, Dumbledore recruits his old friend and colleague Horace Slughorn, whom he believes holds crucial information. Even as the decisive showdown looms, romance blossoms for Harry, Ron, Hermione and their classmates. Love is in the air, but danger lies ahead and Hogwarts may never be the same again.",en,2009-07-07,7.7,17048,158.072
181,Harry Potter and the Goblet of Fire,"When Harry Potter's name emerges from the Goblet of Fire, he becomes a competitor in a grueling battle for glory among three wizarding schools—the Triwizard Tournament. But since Harry never submitted his name for the Tournament, who did? Now Harry must confront a deadly dragon, fierce water demons and an enchanted maze only to find himself in the cruel grasp of He Who Must Not Be Named.",en,2005-11-16,7.8,18198,156.27
182,A Night at the Kindergarten,A young man crashes a school play rehearsal to prevent a group of teachers and eccentric parents from expelling his girlfriend's son.,pl,2022-12-28,5.9,22,143.286
183,The Bad Guys,"When the Bad Guys, a crew of criminal animals, are finally caught after years of heists and being the world’s most-wanted villains, Mr. Wolf brokers a deal to save them all from prison.",en,2022-03-17,7.7,1333,149.747
184,Fullmetal Alchemist: The Revenge of Scar,The Elric brothers meet their toughest opponent yet — a lone serial killer with a large scar on his forehead.,ja,2022-05-20,6.8,152,149.681
185,The Darker the Lake,"When strange, supernatural murders suddenly become the talk a peaceful town, two detectives must solve a deadly game, but will the myth of this game reveal secrets too close to home.",en,2022-03-10,3.9,7,129.541
186,Memory,"Alex, an assassin-for-hire, finds that he's become a target after he refuses to complete a job for a dangerous criminal organization. With the crime syndicate and FBI in hot pursuit, Alex has the skills to stay ahead, except for one thing: he is struggling with severe memory loss, affecting his every move. Alex must question his every action and whom he can ultimately trust.",en,2022-04-28,7.0,1067,154.035
187,The Action Pack Saves Christmas,The Action Pack teams up with Santa Claus to save the day when greedy Teddy Von Taker plots to steal all of the Christmas cheer from Hope Springs.,en,2022-11-28,4.0,5,105.855
188,Lightyear,Legendary Space Ranger Buzz Lightyear embarks on an intergalactic adventure alongside a group of ambitious recruits and his robot companion Sox.,en,2022-06-15,7.2,2559,165.391
189,Plane,"After a heroic job of successfully landing his storm-damaged aircraft in a war zone, a fearless pilot finds himself between the agendas of multiple militias planning to take the plane and its passengers hostage.",en,2023-01-13,6.3,15,139.552
190,Morbius,"Dangerously ill with a rare blood disorder, and determined to save others suffering his same fate, Dr. Michael Morbius attempts a desperate gamble. What at first appears to be a radical success soon reveals itself to be a remedy potentially worse than the disease.",en,2022-03-30,6.2,3140,149.756
191,Black Panther,"King T'Challa returns home to the reclusive, technologically advanced African nation of Wakanda to serve as his country's new leader. However, T'Challa soon finds that he is challenged for the throne by factions within his own country as well as without. Using powers reserved to Wakandan kings, T'Challa assumes the Black Panther mantle to join with ex-girlfriend Nakia, the queen-mother, his princess-kid sister, members of the Dora Milaje (the Wakandan 'special forces') and an American secret agent, to prevent Wakanda from being dragged into a world war.",en,2018-02-13,7.4,20177,152.393
192,Moonfall,A mysterious force knocks the moon from its orbit around Earth and sends it hurtling on a collision course with life as we know it.,en,2022-02-03,6.4,2199,151.715
193,Doraemon: Nobita's Little Star Wars 2021,"One day during summer vacation, a palm-sized alien named Papi appears from a small rocket that Nobita picks up. He is the president of Pirika, a small planet in outer space, and has come to Earth to escape the rebels. Doraemon and his friends are puzzled by Papi’s small size, but as they play together using the secret tool “Small Light”, they gradually become friends. However, a whale-shaped space battleship comes to earth and attacks Doraemon, Nobita and the others in order to capture Papi. Feeling responsible for getting everyone involved, Papi tries to stand up to the rebels. Doraemon and his friends leave for the planet Pirika to protect their dear friend and his home.",ja,2022-03-04,5.5,8,135.231
194,HiGH&LOW THE WORST X (CROSS),"The story revolves around battle between two high school in SWORD area, Oya High School and Senomon Technical High School. The Head of Senomon Technical High School build a ""three-school alliance"" with two other school, Kamasaka High School and Ebara Commercial High School, and expand it's power to aim the neck of Oya High School. Men of Oya High suddenly caught and attacked. Could Fujio protect them with his own fist? The battle to decide the real Teppen is about to begin.",ja,2022-09-09,2.0,1,149.424
195,Wife's Mom 2,"On his way to work, Sang-hyun accidentally meets his childhood friend Hyun-joo. They meet again soon, fall in love, and a few days later go to say hello to Hyun-joo's house. Hyun-joo's mother Hye-jin, whom Sang-hyun met there, was very young and beautiful. Sanghyun gradually falls into Hyejin's strong charm...",ko,2019-01-14,4.3,3,167.703
196,Teasing Master Takagi-san: The Movie,"Takagi and Nishikata are in their final year of middle school, and have both anxiety and hope for the future. During the summer of their final year, on the day before summer vacation starts, the two find a kitten that they name Hana. They decide to take care of the kitten themselves until they can find its mother.",ja,2022-06-10,8.7,70,156.307
197,Code Name Banshee,"Caleb, a former government assassin in hiding, who resurfaces when his protégé, the equally deadly killer known as Banshee, discovers a bounty has been placed on Caleb's head.",en,2022-07-01,5.3,54,142.88
198,The Last of Us - No Escape,A group of survivors must fight for their lives against a horde of blood thirsty Clickers.,en,2017-01-12,3.5,2,119.732
199,Bromates,"Longtime best friends Sid and Jonesie are dumped by their respective girlfriends. Both without a living situation, they decide to become ""bromates"", bros who are roommates, which puts their relationship to the ultimate test.",en,2022-10-07,5.5,11,115.424
200,Drifting Home,"Sixth-graders Kosuke and Natsume grew up in the same apartment building as childhood friends. During summer break, while playing in the apartment building that is set to be demolished, they find themselves caught in a strange phenomenon. All they can see around them is a vast sea. Will Kosuke and the others make it back to their world? A journey of farewells in summer has just begun.",ja,2022-09-09,7.7,165,138.303
201,Lou,A young girl is kidnapped during a powerful storm. Her mother joins forces with her mysterious neighbour to set off in pursuit of the kidnapper. Their journey will test their limits and expose the dark secrets of their past.,en,2022-09-23,6.7,440,147.264
202,Dracula: The Original Living Vampire,"Detective Amelia Van Helsing is on the desperate hunt for the killer responsible for a string of grisly murders targeting young women. Matters only worsen when all evidence leads to the seemingly untouchable Count Dracula. And when Van Helsing’s girlfriend vanishes, she is forced to question the very existence of monsters in a final showdown with the enigmatic count.",en,2022-01-28,5.6,66,137.359
203,The Ice Age Adventures of Buck Wild,The fearless one-eyed weasel Buck teams up with mischievous possum brothers Crash & Eddie as they head off on a new adventure into Buck's home: The Dinosaur World.,en,2022-01-28,6.7,1434,140.945
204,The Seven Deadly Sins: Cursed by Light,"With the help of the ""Dragon Sin of Wrath"" Meliodas and the worst rebels in history, the Seven Deadly Sins, the ""Holy War"", in which four races, including Humans, Goddesses, Fairies and Giants fought against the Demons, is finally over. At the cost of the ""Lion Sin of Pride"" Escanor's life, the Demon King was defeated and the world regained peace. After that, each of the Sins take their own path.",ja,2021-07-02,7.8,427,141.545
205,The Next 365 Days,Laura and Massimo's relationship hangs in the balance as they try to overcome trust issues while a tenacious Nacho works to push them apart.,pl,2022-08-19,6.6,660,142.529
206,Transformers: Rise of the Beasts,"A ‘90s globetrotting adventure that introduces the Maximals, Predacons, and Terrorcons to the existing battle on earth between Autobots and Decepticons.",en,2023-06-07,0.0,0,147.7
207,Adultery Alumni Association 2,"Hye Jin, Hee Kyung, and Han Hee who are among the high school alumni. They met at the alumni meeting and heard that the male alumni who did not have a chance to study during their school days were greatly successful as an investment company. And after seeing the settlement a few days later, I am happy to share my memories, but in fact, their purpose (?) Is separate. They are difficult to afford, and they want to get help from Zhengzhou. Since then, Zhengzhou has been enjoying the love of female alumni.",ko,2019-02-18,4.5,2,169.031
208,Togo,"Togo just wants to watch his neighbors' homes, wash their cars and clean up their sidewalks. But the drug traffickers want more from him.",es,2022-10-05,6.5,56,129.173
209,Harry Potter and the Prisoner of Azkaban,"Year three at Hogwarts means new fun and challenges as Harry learns the delicate art of approaching a Hippogriff, transforming shape-shifting Boggarts into hilarity and even turning back time. But the term also brings danger: soul-sucking Dementors hover over the school, an ally of the accursed He-Who-Cannot-Be-Named lurks within the castle walls, and fearsome wizard Sirius Black escapes Azkaban. And Harry will confront them all.",en,2004-05-31,8.0,18895,143.303
210,Reno 911!: It's a Wonderful Heist,"It’s Holiday Season in Reno, and Lieutenant Dangle wishes he’d never been born. With the help of a roller skating “Angel,” he learns how much better the lives of the other deputies would be if he never existed. Will he decide to live on anyway? There’s still Christmas criminals to catch!",en,2022-12-03,4.5,10,125.095
211,Ant-Man and the Wasp: Quantumania,"Super-Hero partners Scott Lang and Hope van Dyne, along with with Hope's parents Janet van Dyne and Hank Pym, and Scott's daughter Cassie Lang, find themselves exploring the Quantum Realm, interacting with strange new creatures and embarking on an adventure that will push them beyond the limits of what they thought possible.",en,2023-02-15,0.0,0,142.543
212,Desire,"In a social context deteriorated by a countrywide economic crisis, the life of several people will be turned upside down after they meet Cécile, a character who symbolizes desire.",fr,2011-10-06,6.0,624,142.337
213,The Takeover,Self-proclaimed ethical hacker Mel Bandison's life is turned upside down when she stops a data breach on a high-tech self-driving bus that also happens to shut down an international criminal network. She then becomes a target and is framed with a deepfake video that “shows” that she murders someone.,nl,2022-11-01,5.8,113,148.369
214,Zack Snyder's Justice League,"Determined to ensure Superman's ultimate sacrifice was not in vain, Bruce Wayne aligns forces with Diana Prince with plans to recruit a team of metahumans to protect the world from an approaching threat of catastrophic proportions.",en,2021-03-18,8.2,8517,149.662
215,Plane,"After a heroic job of successfully landing his storm-damaged aircraft in a war zone, a fearless pilot finds himself between the agendas of multiple militias planning to take the plane and its passengers hostage.",en,2023-01-13,6.3,15,139.552
216,The Equalizer 2,"Robert McCall, who serves an unflinching justice for the exploited and oppressed, embarks on a relentless, globe-trotting quest for vengeance when a long-time girl friend is murdered.",en,2018-07-19,6.7,4243,138.366
217,The Bush,"A father and son, isolated in a dilapidated country house, try to survive a hellish summer. Between hunting days and campfire nights, the son begins to perceive a strange connection between his father and the nature that surrounds them. An ancestral secret is about to be revealed.",es,2022-08-18,5.0,2,129.161
218,Harry Potter and the Deathly Hallows: Part 2,"Harry, Ron and Hermione continue their quest to vanquish the evil Voldemort once and for all. Just as things begin to look hopeless for the young wizards, Harry discovers a trio of magical objects that endow him with powers to rival Voldemort's formidable skills.",en,2011-07-07,8.1,18190,137.711
219,The Addams Family 2,The Addams get tangled up in more wacky adventures and find themselves involved in hilarious run-ins with all sorts of unsuspecting characters.,en,2021-10-01,7.1,1046,137.376
220,Grimcutty,A suburban teen girl and her little brother must stop a terrifying internet meme brought to life by the hysteria of their parents.,en,2022-10-10,5.5,246,130.29
221,Shrek the Third,"The King of Far Far Away has died and Shrek and Fiona are to become King & Queen. However, Shrek wants to return to his cozy swamp and live in peace and quiet, so when he finds out there is another heir to the throne, they set off to bring him back to rule the kingdom.",en,2007-05-17,6.3,7812,136.753
222,The Red Book Ritual,"Three friends decide to play The Red Book game. What they don't know is that in the house evil is waiting to be released. A long time ago a witch died as part of a satanic ritual. Every question they ask, they get closer and closer to her. The book will reveal the answers to all your questions… but what if your host is an evil entity with a thirst for blood?",en,2022-09-12,5.3,18,114.537
223,Eternals,"The Eternals are a team of ancient aliens who have been living on Earth in secret for thousands of years. When an unexpected tragedy forces them out of the shadows, they are forced to reunite against mankind’s most ancient enemy, the Deviants.",en,2021-11-03,7.0,6755,134.923
224,The Banshees of Inisherin,"Two lifelong friends find themselves at an impasse when one abruptly ends their relationship, with alarming consequences for both of them.",en,2022-10-21,7.5,540,134.187
225,Bones and All,"Abandoned by her father, a young woman embarks on a thousand-mile odyssey through the backroads of America where she meets a disenfranchised drifter. But despite their best efforts, all roads lead back to their terrifying pasts and to a final stand that will determine whether their love can survive their otherness.",en,2022-11-18,7.5,546,122.63
226,The Boss Baby: Family Business,The Templeton brothers — Tim and his Boss Baby little bro Ted — have become adults and drifted away from each other. But a new boss baby with a cutting-edge approach and a can-do attitude is about to bring them together again … and inspire a new family business.,en,2021-07-01,7.5,2154,133.681
227,Mortal Kombat,"Washed-up MMA fighter Cole Young, unaware of his heritage, and hunted by Emperor Shang Tsung's best warrior, Sub-Zero, seeks out and trains with Earth's greatest champions as he prepares to stand against the enemies of Outworld in a high stakes battle for the universe.",en,2021-04-07,7.1,5095,133.115
228,Halloween Ends,"Four years after the events of Halloween in 2018, Laurie has decided to liberate herself from fear and rage and embrace life. But when a young man is accused of killing a boy he was babysitting, it ignites a cascade of violence and terror that will force Laurie to finally confront the evil she can’t control, once and for all.",en,2022-10-12,6.4,1119,133.027
229,Laid-Back Camp The Movie,"Your favorite cozy camping anime returns with a movie as the former members of the Outdoors Club get together again, this time to build a campsite! Reunite with Nadeshiko, Rin, Chiaki, Aoi, and Ena as they gather around the campfire once more with good food and good company.",ja,2022-07-01,7.7,31,132.349
230,Harry Potter and the Deathly Hallows: Part 1,"Harry, Ron and Hermione walk away from their last year at Hogwarts to find and destroy the remaining Horcruxes, putting an end to Voldemort's bid for immortality. But with Harry's beloved Dumbledore dead and Voldemort's unscrupulous Death Eaters on the loose, the world is more dangerous than ever.",en,2010-10-06,7.8,16855,131.946
231,Evil Dead Rise,Two sisters find an ancient book that gives birth to bloodthirsty demons that run amok in a Los Angeles apartment building and thrusts them into a primal battle for survival as they face the most nightmarish version of family imaginable.,en,2023-04-19,0.0,0,131.536
232,Family Game,"The Arsenaults, a close-knit family who profit from illegal hunting, have ruled the roost for several generations in Témiscouata, Quebec. The return to the fold of Anthony, the impetuous youngest of the family, then the arrival of Émilie, a radio host who exercises an ascendancy over Anthony and his older brother Adam, will come to test the harmony of the clan.",fr,2022-06-17,5.3,5,119.95
233,Madagascar: A Little Wild Holiday Goose Chase,"Melman the Giraffe meets Hank, a goose who has been separated from his family and along with his friends, they embark on a wild goose chase around the city to reunite Hank with his merry flock.",en,2021-11-26,5.9,10,119.67
234,Dragon Knight,"Many years after the war has been lost, and all the dragons slain, a lone knight travels the lands of Agonos seeking to raise an army against the demon lord Abaddon. When a healer's vision reveals that one dragon still lives, and together with an eager young squire, the knight sets off in search of the fabled creature. As the armies of Abaddon descend on the human kingdoms, the dragon is their last hope of fending off the horde, before it lays waste to the lands of men. But does the creature even exist? And if it does, will it fight for them once more?",en,2022-03-21,7.0,34,125.349
235,Hacksaw Ridge,"WWII American Army Medic Desmond T. Doss, who served during the Battle of Okinawa, refuses to kill people and becomes the first Conscientious Objector in American history to receive the Congressional Medal of Honor.",en,2016-10-07,8.2,11814,129.85
236,365 Days: This Day,"Laura and Massimo are back and hotter than ever. But the reunited couple's new beginning is complicated by Massimo’s family ties and a mysterious man who enters Laura’s life to win her heart and trust, at any cost.",pl,2022-04-27,5.9,1044,130.244
237,Demon Slayer: Kimetsu no Yaiba Sibling's Bond,"Tanjiro finds his family slaughtered and the lone survivor, his sister Nezuko Kamado, turned into a Demon. To his surprise, however, Nezuko still shows signs of human emotion and thought. Thus begins Tanjiro's journey to seek out the Demon who killed their family and turn his sister human again. A recap film of Kimetsu no Yaiba, covering episodes 1-5 with extra footage.",ja,2019-03-29,8.4,61,116.983
238,Wild Is the Wind,"When two corrupt police officers investigate the brutal murder of a young girl, tensions come to a head in their small, racially-segregated town.",en,2022-10-28,5.8,48,124.002
239,Men,"In the aftermath of a personal tragedy, Harper retreats alone to the beautiful English countryside, hoping to find a place to heal. But someone — or something — from the surrounding woods appears to be stalking her, and what begins as simmering dread becomes a fully-formed nightmare, inhabited by her darkest memories and fears.",en,2022-05-20,6.2,591,105.816
240,Alienoid,"Gurus in the late Goryeo dynasty try to obtain a fabled, holy sword, and humans in 2022 hunt down an alien prisoner that is locked in a human's body. The two parties cross paths when a time-traveling portal opens up.",ko,2022-07-20,7.3,88,128.086
241,Hidden,A family takes refuge in a fallout shelter to avoid a dangerous outbreak.,en,2015-09-15,6.9,758,128.067
242,Harry Potter and the Order of the Phoenix,"Returning for his fifth year of study at Hogwarts, Harry is stunned to find that his warnings about the return of Lord Voldemort have been ignored. Left with no choice, Harry takes matters into his own hands, training a small group of students to defend themselves against the dark arts.",en,2007-06-28,7.7,17212,127.393
243,The Long Dark Trail,"After two impoverished teenage brothers manage to escape their abusive father, they embark on a treacherous and haunted journey in the hope of finding their estranged mother who has joined a sadistic cult, deep in the woods of Northwest Pennsylvania.",en,2021-06-19,4.7,9,129.399
244,Godzilla vs. Kong,"In a time when monsters walk the Earth, humanity’s fight for its future sets Godzilla and Kong on a collision course that will see the two most powerful forces of nature on the planet collide in a spectacular battle for the ages.",en,2021-03-24,7.7,8508,126.915
245,Seoul Vibe,"Chasing speed, dreams and money, a team of drivers get involved in the slush fund investigation of a powerful figure during the 1988 Seoul Olympics.",ko,2022-08-26,6.8,119,129.895
246,Operation Fortune: Ruse de Guerre,"Five Eyes, the international intelligence agency, recruits MI6 agent Orson Fortune to prevent the sale of a deadly new weapons technology that threatens to disrupt the world order.",en,2023-01-04,6.8,49,136.549
247,7 Women and a Murder,"When their family patriarch is stabbed, seven women, each with ulterior motives, become trapped together in a mansion to solve the puzzle of his murder. This is the  Italian remake of François Ozon's 8 Women.",it,2021-12-25,5.7,155,110.623
248,The Fabelmans,"Growing up in post-World War II era Arizona, young Sammy Fabelman aspires to become a filmmaker as he reaches adolescence, but soon discovers a shattering family secret and explores how the power of films can help him see the truth.",en,2022-11-11,8.0,485,131.136
249,Cruella,"In 1970s London amidst the punk rock revolution, a young grifter named Estella is determined to make a name for herself with her designs. She befriends a pair of young thieves who appreciate her appetite for mischief, and together they are able to build a life for themselves on the London streets. One day, Estella’s flair for fashion catches the eye of the Baroness von Hellman, a fashion legend who is devastatingly chic and terrifyingly haute. But their relationship sets in motion a course of events and revelations that will cause Estella to embrace her wicked side and become the raucous, fashionable and revenge-bent Cruella.",en,2021-05-26,8.1,7846,125.566
250,Grounded: Making The Last of Us,"A feature-length exploration of the game's creation, GROUNDED: Making the Last of Us is a love letter to the trials of exploring new territory. There are no road maps or guide books for creating a new world. The only way through is to fail—over and over again. This is the story of how a team of artists, musicians, programmers, writers, actors, filmmakers, playtesters, and a lonely UI designer—came together and pushed each other to build something larger than themselves.",en,2013-06-14,7.3,26,125.383
251,In from the Side,Two men in a gay men's rugby club must conceal an adulterous affair they unwittingly fall into before it leads to the collapse of the delicate social and political fabric of the club.,en,2022-09-16,6.6,17,125.008
252,The Gentiles,"Ana throws her life on the instragam and other social networks, where she posts pictures, videos and short animations, together with witty (and lucid) texts. Ana is going through a strange moment. In addition to going through the family conflicts and identity issues typical of her age, she experiences something new. She feels something she does not quite understand, for her close friend Corrales.",es,2022-06-03,6.0,3,103.416
253,Batman and Superman: Battle of the Super Sons,"After discovering he has powers, 11-year-old Jonathan Kent and assassin-turned-Boy-Wonder Damian Wayne must join forces to rescue their fathers (Superman & Batman) and save the planet from the malevolent alien force known as Starro.",en,2022-10-18,8.1,161,128.678
254,Titanic,"101-year-old Rose DeWitt Bukater tells the story of her life aboard the Titanic, 84 years later. A young Rose boards the ship with her mother and fiancé. Meanwhile, Jack Dawson and Fabrizio De Rossi win third-class tickets aboard the ship. Rose tells the whole story from Titanic's departure through to its death—on its first and last voyage—on April 15, 1912.",en,1997-11-18,7.9,22122,124.822
255,"Monsters, Inc.","James Sullivan and Mike Wazowski are monsters, they earn their living scaring children and are the best in the business... even though they're more afraid of the children than they are of them. When a child accidentally enters their world, James and Mike suddenly find that kids are not to be afraid of and they uncover a conspiracy that could threaten all children across the world.",en,2001-11-01,7.8,16342,124.607
256,The Maze Runner,"Set in a post-apocalyptic world, young Thomas is deposited in a community of boys after his memory is erased, soon learning they're all trapped in a maze that will require him to join forces with fellow “runners” for a shot at escape.",en,2014-09-10,7.2,15260,124.327
257,Welcome to the Club,"Heart set on becoming a princess, Lisa Simpson is surprised to learn being bad might be more fun.",en,2022-09-08,6.6,132,132.662
258,Summer Ghost,"An urban legend says that lighting fireworks at an abandoned airfield will beckon the ""summer ghost,"" a spirit that can answer any question. Three teenagers, Tomoya, Aoi, and Ryo, each have their own reason to show up one day. When a ghost named Ayane appears, she reveals she is only visible to those ""who are about to touch their death."" Compelled by the ghost and her message, Tomoya begins regularly visiting the airfield to uncover the true purpose of her visits.",ja,2021-11-12,7.5,49,113.743
259,Shrek Forever After,"A bored and domesticated Shrek pacts with deal-maker Rumpelstiltskin to get back to feeling like a real ogre again, but when he's duped and sent to a twisted version of Far Far Away—where Rumpelstiltskin is king, ogres are hunted, and he and Fiona have never met—he sets out to restore his world and reclaim his true love.",en,2010-05-16,6.3,6312,123.127
260,Noise,"Julia is a mother, or rather, one of many mothers, sisters, daughters, colleagues, who have had their lives torn apart by the widespread violence in a country waging a war against its women. Julia is searching for Ger, her daughter. And in her search, she will weave through the stories and struggles of the different women she will meet.",es,2022-10-13,7.2,11,112.946
261,Resident Evil: Welcome to Raccoon City,"Once the booming home of pharmaceutical giant Umbrella Corporation, Raccoon City is now a dying Midwestern town. The company’s exodus left the city a wasteland…with great evil brewing below the surface. When that evil is unleashed, the townspeople are forever…changed…and a small group of survivors must work together to uncover the truth behind Umbrella and make it through the night.",en,2021-11-24,6.1,1951,120.281
262,The Exorcism of God,"An American priest working in Mexico is considered a saint by many local parishioners. However, due to a botched exorcism, he carries a secret that’s eating him alive until he gets an opportunity to face his demon one final time.",en,2022-03-11,7.2,778,125.901
263,Infelices para Siempre,Mexican feature film,en,2020-01-01,4.0,3,120.11
264,Family Game,"The Arsenaults, a close-knit family who profit from illegal hunting, have ruled the roost for several generations in Témiscouata, Quebec. The return to the fold of Anthony, the impetuous youngest of the family, then the arrival of Émilie, a radio host who exercises an ascendancy over Anthony and his older brother Adam, will come to test the harmony of the clan.",fr,2022-06-17,5.3,5,119.95
265,The Last of Us - No Escape,A group of survivors must fight for their lives against a horde of blood thirsty Clickers.,en,2017-01-12,3.5,2,119.732
266,Wire Room,"New recruit Justin Rosa must monitor arms-smuggling cartel member Eddie Flynn — and keep him alive at all costs. When a SWAT team descends on Flynn’s home, Rosa breaks protocol and contacts the gangster directly to save his life. As gunmen break into the Wire Room and chaos erupts, Mueller and Rosa make a final, desperate stand against the corrupt agents and officials who seek to destroy evidence and kill them both.",en,2022-09-02,6.8,113,115.063
267,Tag-init,"During his summer vacation, Martin meets two women that would let him explore his manhood - Adele, the politician's kept woman and Nadine, the sexually-active Manila girl.",tl,2023-01-20,0.0,0,166.403
268,Dog,An army ranger and his dog embark on a road trip along the Pacific Coast Highway to attend a friend's funeral.,en,2022-02-17,7.4,1098,118.465
269,John Wick: Chapter 4,"With the price on his head ever increasing, John Wick uncovers a path to defeating The High Table. But before he can earn his freedom, Wick must face off against a new enemy with powerful alliances across the globe and forces that turn old friends into foes.",en,2023-03-22,0.0,0,117.878
270,Berlin Drifters,"Kôichi is a Japanese man living alone in Berlin. He has no job and hardly any friends. One night Kôichi meets Ryota at a bar which is also a sex club. Ryota came to Berlin to visit a German guy whom he had ""met"" on a dating app. His high hopes for romance (and marriage?) were quickly crushed since the German was only interested in sex, not even letting Ryota stay for the night. That is why Ryota ended up spending the night in the dark room of the sex club. Kôichi for some reason lets Ryota stay at his apartment. They have sex. Ryota goes out almost everyday to get laid by various local men and comes home to Kôichi's. Increasingly caught up with a strange feeling that is akin to but not quite frustration or curiosity (needless to say, it is not even close to love), Kôichi gradually gives himself up to sex with Ryota.",ja,2017-09-10,4.6,8,117.53
271,Demon Slayer: Kimetsu no Yaiba Sibling's Bond,"Tanjiro finds his family slaughtered and the lone survivor, his sister Nezuko Kamado, turned into a Demon. To his surprise, however, Nezuko still shows signs of human emotion and thought. Thus begins Tanjiro's journey to seek out the Demon who killed their family and turn his sister human again. A recap film of Kimetsu no Yaiba, covering episodes 1-5 with extra footage.",ja,2019-03-29,8.4,61,116.983
272,The Twin,"Every parent's worst nightmare is just the beginning for Rachel's ordeal as in the aftermath of a tragic accident, she and her husband Anthony decide to move to the other side of the world to focus on their surviving twin son Elliot.  What begins as a time of healing and isolation in the Finnish countryside turns into a desperate battle for the very soul of their son as an entity claiming to be his dead twin brother takes over Elliot — setting Rachel on a diabolical journey to unravel the horrible truth about her twin son.",en,2022-04-06,6.1,125,116.094
273,Decision to Leave,"From a mountain peak in South Korea, a man plummets to his death. Did he jump, or was he pushed? When detective Hae-joon arrives on the scene, he begins to suspect the dead man’s wife Seo-rae. But as he digs deeper into the investigation, he finds himself trapped in a web of deception and desire.",ko,2022-06-29,7.4,415,115.785
274,Paws of Fury: The Legend of Hank,"A hard-on-his-luck hound finds himself in a town full of cats in need of a hero to defend them from a ruthless villain's wicked plot to wipe their village off the map. With help from a reluctant mentor, our underdog must assume the role of town samurai and team up with the villagers to save the day.",en,2022-07-14,6.8,207,115.737
275,The Suicide Squad,"Supervillains Harley Quinn, Bloodsport, Peacemaker and a collection of nutty cons at Belle Reve prison join the super-secret, super-shady Task Force X as they are dropped off at the remote, enemy-infused island of Corto Maltese.",en,2021-07-28,7.6,6924,115.624
276,Bromates,"Longtime best friends Sid and Jonesie are dumped by their respective girlfriends. Both without a living situation, they decide to become ""bromates"", bros who are roommates, which puts their relationship to the ultimate test.",en,2022-10-07,5.5,11,115.424
277,Clifford the Big Red Dog,"As Emily struggles to fit in at home and at school, she discovers a small red puppy who is destined to become her best friend. When Clifford magically undergoes one heck of a growth spurt, becomes a gigantic dog and attracts the attention of a genetics company, Emily and her Uncle Casey have to fight the forces of greed as they go on the run across New York City. Along the way, Clifford affects the lives of everyone around him and teaches Emily and her uncle the true meaning of acceptance and unconditional love.",en,2021-11-10,7.3,1490,115.389
278,John Wick: Chapter 2,"John Wick is forced out of retirement by a former associate looking to seize control of a shadowy international assassins’ guild. Bound by a blood oath to aid him, Wick travels to Rome and does battle against some of the world’s most dangerous killers.",en,2017-02-08,7.3,10826,115.056
279,Ice Age,"With the impending ice age almost upon them, a mismatched trio of prehistoric critters – Manny the woolly mammoth, Diego the saber-toothed tiger and Sid the giant sloth – find an orphaned infant and decide to return it to its human parents. Along the way, the unlikely allies become friends but, when enemies attack, their quest takes on far nobler aims.",en,2002-03-10,7.3,11682,114.665
